44,small hammer,The best small hammer money can buy!,https://tse3.mm.bing.net/th?id=OIP.LqrsgR4skdjjQDg5odI52AEsEs&amp;w=187&amp;h=187&amp;c=7&amp;qlt=90&amp;o=4&amp;pid=1.7
45,spicy mustard,The best spicy mustard money can buy!,https://tse2.mm.bing.net/th?id=OIP.ZyF-tY6nbQG2hGdrgoOLjADOEs&amp;w=123&amp;h=179&amp;c=7&amp;qlt=90&amp;o=4&amp;pid=1.7
46,spinach seeds,The best spinach seeds money can buy!,https://tse3.mm.bing.net/th?id=OIP.ugh3a4egUWUafmd8uhXe3QEsCd&amp;w=300&amp;h=157&amp;c=7&amp;qlt=90&amp;o=4&amp;pid=1.7
47,star wars balloons,The best star wars balloons money can buy!,https://tse4.mm.bing.net/th?id=OIP.xbEB35T4iwFspgPwpDTddgEsEs&amp;w=198&amp;h=198&amp;c=7&amp;qlt=90&amp;o=4&amp;pid=1.7
48,star wars napkins,The best star wars napkins money can buy!,https://tse4.mm.bing.net/th?id=OIP.H6MPorIgnBK08VkRchB7FwEsEs&amp;w=198&amp;h=195&amp;c=7&amp;qlt=90&amp;o=4&amp;pid=1.7
49,star wars plates,The best star wars plates money can buy!,https://tse1.mm.bing.net/th?id=OIP.FO9KoI10dp-rUgOPoLlMYQD6D6&amp;w=205&amp;h=201&amp;c=7&amp;qlt=90&amp;o=4&amp;pid=1.7
50,streamers,The best streamers money can buy!,https://tse1.mm.bing.net/th?id=OIP.Ozv-uy5cmGhmBsmmv8EdLQEsEs&amp;w=193&amp;h=193&amp;c=7&amp;qlt=90&amp;o=4&amp;pid=1.7
51,t-bone steak,The best t-bone steak money can buy!,https://tse3.mm.bing.net/th?id=OIP.rpEpjmgpwWb4z--ZrIBv1gEsEs&amp;w=195&amp;h=195&amp;c=7&amp;qlt=90&amp;o=4&amp;pid=1.7
52,terra cotta pots,The best terra cotta pots money can buy!,https://tse4.mm.bing.net/th?id=OIP.KSpU7QueYdzwHSSN72FnJQEsEs&amp;w=200&amp;h=200&amp;c=7&amp;qlt=90&amp;o=4&amp;dpr=2&amp;pid=1.7
53,tide laundry detergent,The best tide laundry detergent money can buy!,https://tse3.mm.bing.net/th?id=OIP.Kq1J_e8ccdvU_joyA7qgngECEs&amp;w=170&amp;h=197&amp;c=7&amp;qlt=90&amp;o=4&amp;dpr=2&amp;pid=1.7
10,corn chips,The best corn chips money can buy!,https://tse1.mm.bing.net/th?id=OIP.YlOTD6YClNr5BMfAw5DgMQEsEs&amp;w=216&amp;h=216&amp;c=7&amp;qlt=90&amp;o=4&amp;dpr=2&amp;pid=1.7
54,toilet paper,The best toilet paper money can buy!,https://tse2.mm.bing.net/th?id=OIP.43tgM-YP3rthWJOdxb4alwD6Do&amp;w=176&amp;h=164&amp;c=7&amp;qlt=90&amp;o=4&amp;dpr=2&amp;pid=1.7
11,darth vader action figure,The best darth vader action figure money can buy!,https://tse2.mm.bing.net/th?id=OIP.AUHrTdKwQIFRfnu9LE3F2wEsEs&amp;w=196&amp;h=196&amp;c=7&amp;qlt=90&amp;o=4&amp;dpr=2&amp;pid=1.7
55,veggie tray,The best veggie tray money can buy!,https://tse1.mm.bing.net/th?id=OIP.HXabeVkK2QJRtMOP8n343QEsDf&amp;w=245&amp;h=182&amp;c=7&amp;qlt=90&amp;o=4&amp;dpr=2&amp;pid=1.7
12,dawn dish soap,The best dawn dish soap money can buy!,https://tse1.mm.bing.net/th?id=OIP.paaf88_reTAuzL73OCnuFQDhEs&amp;w=142&amp;h=189&amp;c=7&amp;qlt=90&amp;o=4&amp;dpr=2&amp;pid=1.7
56,wd40,The best wd40 money can buy!,https://tse2.mm.bing.net/th?id=OIP.o48si8gdEh5EHshSbqgniwEsEk&amp;w=192&amp;h=187&amp;c=7&amp;qlt=90&amp;o=4&amp;dpr=2&amp;pid=1.7
13,door stop,The best door stop money can buy!,https://tse3.mm.bing.net/th?id=OIP.jKXviOEez5NGF41wdQoBDQEsEs&amp;w=186&amp;h=186&amp;c=7&amp;qlt=90&amp;o=4&amp;dpr=2&amp;pid=1.7
57,white bathroom caulk,The best white bathroom caulk money can buy!,https://tse1.mm.bing.net/th?id=OIP.18AGzIyh_7BmZ7WME8zMVQD6D6&amp;w=211&amp;h=207&amp;c=7&amp;qlt=90&amp;o=4&amp;dpr=2&amp;pid=1.7
14,fertilizer,The best fertilizer money can buy!,https://tse3.mm.bing.net/th?id=OIP.kRRqTeAgfTbyz5a8oflgQAD6D6&amp;w=191&amp;h=191&amp;c=7&amp;qlt=90&amp;o=4&amp;dpr=2&amp;pid=1.7
58,wildflower seeds,The best wildflower seeds money can buy!,https://tse2.mm.bing.net/th?id=OIP.DM_x5lc2kuijb4-GGJp8vQEsD2&amp;w=217&amp;h=178&amp;c=7&amp;qlt=90&amp;o=4&amp;dpr=2&amp;pid=1.7
15,garden hose,The best garden hose money can buy!,https://tse4.mm.bing.net/th?id=OIP.bb58xGHkDj8SknFYlJujuQEUEU&amp;w=182&amp;h=182&amp;c=7&amp;qlt=90&amp;o=4&amp;dpr=2&amp;pid=1.7
59,wood glue,The best wood glue money can buy!,https://tse1.mm.bing.net/th?id=OIP.FYBUg9NUwiUbVSKDuQ4DawDIDI&amp;w=150&amp;h=150&amp;c=7&amp;qlt=90&amp;o=4&amp;dpr=2&amp;pid=1.7
16,ground cover,The best ground cover money can buy!,https://tse2.mm.bing.net/th?id=OIP.amQjm2fACnmEwGFT-4wZJgEsEE&amp;w=209&amp;h=182&amp;c=7&amp;qlt=90&amp;o=4&amp;dpr=2&amp;pid=1.7
17,guacamole,The best guacamole money can buy!,https://tse1.mm.bing.net/th?id=OIP.UowjJZlRWyNE_IyzvaASIgDHEs&amp;w=133&amp;h=200&amp;c=7&amp;qlt=90&amp;o=4&amp;dpr=2&amp;pid=1.7
18,han solo action figure,The best han solo action figure money can buy!,https://tse2.mm.bing.net/th?id=OIP.RTcpXQZFJtwJyjRhbis7WwD6D6&amp;w=192&amp;h=192&amp;c=7&amp;qlt=90&amp;o=4&amp;dpr=2&amp;pid=1.7
19,hot dog buns,The best hot dog buns money can buy!,https://tse2.mm.bing.net/th?id=OIP.2dGXZU37vGtFacmlpiKu1AEsEs&amp;w=210&amp;h=202&amp;c=7&amp;qlt=90&amp;o=4&amp;dpr=2&amp;pid=1.7
0,7th generation dish soap,The best 7th generation dish soap money can buy!,https://tse3.mm.bing.net/th?id=OIP.9-mO6lGX4g8kJRpewrPdhADhEs&amp;w=157&amp;h=209&amp;c=7&amp;qlt=90&amp;o=4&amp;dpr=2&amp;pid=1.7
1,all laundry detergent,The best all laundry detergent money can buy!,https://tse2.mm.bing.net/th?id=OIP.CuJeY6U8XZ2L12YKUV0kBAD0Es&amp;w=164&amp;h=198&amp;c=7&amp;qlt=90&amp;o=4&amp;dpr=2&amp;pid=1.7
2,beige caulk,The best beige caulk money can buy!,https://tse3.mm.bing.net/th?id=OIP.wKyT3wGrmGsRR4W5AwmdYwEsEs&amp;w=179&amp;h=179&amp;c=7&amp;qlt=90&amp;o=4&amp;dpr=2&amp;pid=1.7
3,birthday candles,The best birthday candles money can buy!,https://tse3.mm.bing.net/th?id=OIP.yXR5y8-OvVbBcw9xQHbSCwEsEs&amp;w=201&amp;h=201&amp;c=7&amp;qlt=90&amp;o=4&amp;dpr=2&amp;pid=1.7
4,brown mustard,The best brown mustard money can buy!,https://tse2.mm.bing.net/th?id=OIP.jtjpJZVJuu4I4-eIUYoNeQEsEs&amp;w=186&amp;h=186&amp;c=7&amp;qlt=90&amp;o=4&amp;dpr=2&amp;pid=1.7
5,brownies,The best brownies money can buy!,https://tse2.mm.bing.net/th?id=OIP.Z9Csha0HK0HVFifPTaRSsgEsDI&amp;w=243&amp;h=163&amp;c=7&amp;qlt=90&amp;o=4&amp;dpr=2&amp;pid=1.7
6,cake,The best cake money can buy!,https://tse2.mm.bing.net/th?id=OIP.r90NuVmzxdB0HEYsqJVI4gDhEs&amp;w=154&amp;h=206&amp;c=7&amp;qlt=90&amp;o=4&amp;dpr=2&amp;pid=1.7
7,charcoal briquettes,The best charcoal briquettes money can buy!,https://tse1.mm.bing.net/th?id=OIP.UqJO164boRE7EUdj7_3g4gD6D6&amp;w=186&amp;h=186&amp;c=7&amp;qlt=90&amp;o=4&amp;dpr=2&amp;pid=1.7
8,chocolate covered pretzels,The best chocolate covered pretzels money can buy!,https://tse3.mm.bing.net/th?id=OIP.TLpKGBKxlMYV9ekDtLmjYQFBDC&amp;w=283&amp;h=171&amp;c=7&amp;qlt=90&amp;o=4&amp;dpr=2&amp;pid=1.7
9,corn,The best corn money can buy!,https://tse4.mm.bing.net/th?id=OIP.WNDuS7hdXZt9S8fw2ZilwQCWGf&amp;w=108&amp;h=183&amp;c=7&amp;qlt=90&amp;o=4&amp;dpr=2&amp;pid=1.7
60,wood screws,The best wood screws money can buy!,https://tse3.mm.bing.net/th?id=OIP.J0bS1ayQN0nZU2-Z0QQUAwEsEs&amp;w=194&amp;h=194&amp;c=7&amp;qlt=90&amp;o=4&amp;dpr=2&amp;pid=1.7
20,hot dogs,The best hot dogs money can buy!,https://tse1.mm.bing.net/th?id=OIP.yeogxnNUgF1n2XiJ_GyBcwDIEs&amp;w=115&amp;h=160&amp;c=7&amp;qlt=90&amp;o=4&amp;dpr=2&amp;pid=1.7
21,hummus,The best hummus money can buy!,https://tse2.mm.bing.net/th?id=OIP.fk04YOFZctHDh3PX4ZFiVQEsDH&amp;w=276&amp;h=183&amp;c=7&amp;qlt=90&amp;o=4&amp;dpr=2&amp;pid=1.7
22,ketchup,The best ketchup money can buy!,https://tse3.mm.bing.net/th?id=OIP.ulwRhdNrF83dZ4gN6L2CtQFNC7&amp;w=233&amp;h=160&amp;c=7&amp;qlt=90&amp;o=4&amp;dpr=2&amp;pid=1.7
23,lighter fluid,The best lighter fluid money can buy!,https://tse2.mm.bing.net/th?id=OIP.uCzjvD_Hies4uMphefAtcgDREp&amp;w=138&amp;h=197&amp;c=7&amp;qlt=90&amp;o=4&amp;dpr=2&amp;pid=1.7
24,luke skywalker pillow,The best luke skywalker pillow money can buy!,https://tse4.mm.bing.net/th?id=OIP.pDH0-e5Z5NLuIIqv4dOXeQDhEs&amp;w=143&amp;h=191&amp;c=7&amp;qlt=90&amp;o=4&amp;dpr=2&amp;pid=1.7
25,mulch,The best mulch money can buy!,https://tse3.mm.bing.net/th?id=OIP.eRtjc6OSiVtWK1qj8287SgEsEs&amp;w=195&amp;h=195&amp;c=7&amp;qlt=90&amp;o=4&amp;dpr=2&amp;pid=1.7
26,mustard,The best mustard money can buy!,https://tse4.mm.bing.net/th?id=OIP.Jge0LvGJWlEwXMmZZ1ZK3gEsC2&amp;w=293&amp;h=174&amp;c=7&amp;qlt=90&amp;o=4&amp;dpr=2&amp;pid=1.7
27,nails,The best nails money can buy!,https://tse2.mm.bing.net/th?id=OIP.lcOxXWwz_aaKjVJr005jWQBxEs&amp;w=113&amp;h=172&amp;c=7&amp;qlt=90&amp;o=4&amp;dpr=2&amp;pid=1.7
28,pansies,The best pansies money can buy!,https://tse3.mm.bing.net/th?id=OIP.ToMkAg5x6mXzKQFqMIQPtQEsDH&amp;w=279&amp;h=185&amp;c=7&amp;qlt=90&amp;o=4&amp;dpr=2&amp;pid=1.7
29,paper towels,The best paper towels money can buy!,https://tse2.mm.bing.net/th?id=OIP.88MScHR5gsz_lq4lucIAbwEsDh&amp;w=228&amp;h=171&amp;c=7&amp;qlt=90&amp;o=4&amp;dpr=2&amp;pid=1.7
30,pickles,The best pickles money can buy!,https://tse3.mm.bing.net/th?id=OIP.a3f-YGKOyrHqip6qlmavBAEsEs&amp;w=204&amp;h=204&amp;c=7&amp;qlt=90&amp;o=4&amp;dpr=2&amp;pid=1.7
31,popcorn,The best popcorn money can buy!,https://tse2.mm.bing.net/th?id=OIP.SivGtVO8n4PMaQd3udmmuQEsDH&amp;w=282&amp;h=186&amp;c=7&amp;qlt=90&amp;o=4&amp;dpr=2&amp;pid=1.7
32,potato chips,The best potato chips money can buy!,https://tse4.mm.bing.net/th?id=OIP.8xaYx8Qjc6IIRK89nhgz5QEsEs&amp;w=199&amp;h=199&amp;c=7&amp;qlt=90&amp;o=4&amp;dpr=2&amp;pid=1.7
33,potting soil,The best potting soil money can buy!,https://tse3.mm.bing.net/th?id=OIP.q34IRH5Rj0P_FpNEYpHIWgEsEs&amp;w=176&amp;h=176&amp;c=7&amp;qlt=90&amp;o=4&amp;dpr=2&amp;pid=1.7
34,princess leia doll,The best princess leia doll money can buy!,https://tse4.mm.bing.net/th?id=OIP.Q8lnTXyZlMq6t9FLni9iVQD6D6&amp;w=186&amp;h=186&amp;c=7&amp;qlt=90&amp;o=4&amp;dpr=2&amp;pid=1.7
35,relish,The best relish money can buy!,https://tse1.mm.bing.net/th?id=OIP.TAotxFvTSICtOkjlTO5BLwD5D5&amp;w=215&amp;h=215&amp;c=7&amp;qlt=90&amp;o=4&amp;dpr=2&amp;pid=1.7
36,rogue-1 toys,The best rogue-1 toys money can buy!,https://tse1.mm.bing.net/th?id=OIP.Uaxm6kBVtJvV8XQsc-iaCwDPEs&amp;w=128&amp;h=186&amp;c=7&amp;qlt=90&amp;o=4&amp;dpr=2&amp;pid=1.7
37,salsa,The best salsa money can buy!,https://tse3.mm.bing.net/th?id=OIP.9QdcQGAIh657guf3t6jx6QDYEg&amp;w=135&amp;h=180&amp;c=7&amp;qlt=90&amp;o=4&amp;dpr=2&amp;pid=1.7
38,sandpaper,The best sandpaper money can buy!,https://tse4.mm.bing.net/th?id=OIP.aDgTByxwmjngyfyhmAbSgQD5D5&amp;w=188&amp;h=188&amp;c=7&amp;qlt=90&amp;o=4&amp;dpr=2&amp;pid=1.7
39,sausage,The best sausage money can buy!,https://tse2.mm.bing.net/th?id=OIP.-aPeZBGWKzQynYikvWMa9ADOEu&amp;w=128&amp;h=178&amp;c=7&amp;qlt=90&amp;o=4&amp;dpr=2&amp;pid=1.7
40,shovel,The best shovel money can buy!,https://tse1.mm.bing.net/th?id=OIP.aDv0YjZZKaT-LI_D8Q1lZQD6D6&amp;w=186&amp;h=186&amp;c=7&amp;qlt=90&amp;o=4&amp;dpr=2&amp;pid=1.7
41,shrek balloons,The best shrek balloons money can buy!,https://tse2.mm.bing.net/th?id=OIP.C3XBz-fTV4GDBJBr4fwgVgDhEs&amp;w=120&amp;h=161&amp;c=7&amp;qlt=90&amp;o=4&amp;dpr=2&amp;pid=1.7
42,shrek napkins,The best shrek napkins money can buy!,https://tse4.mm.bing.net/th?id=OIP.gOAjkRl-OlYNF9lnvV93UQEsBs&amp;w=282&amp;h=102&amp;c=7&amp;qlt=90&amp;o=4&amp;dpr=2&amp;pid=1.7
43,shrek paper plates,The best shrek paper plates money can buy!,https://tse1.mm.bing.net/th?id=OIP.hqE3VLFGMMabc2fpsVD-AQEsEs&amp;w=177&amp;h=175&amp;c=7&amp;qlt=90&amp;o=4&amp;dpr=2&amp;pid=1.7
